Transaction Hash,Date & Time,From Address,To Address,Transaction Type,Asset Contract Address,Asset Symbol / Name,Token ID,Value / Amount,Gas Fee (ETH)
,,,,Contract Interaction,,ETH,,,
,,,,Contract Interaction,,ETH,,,
,,,,Contract Interaction,,ETH,,,
,,,,Contract Interaction,,ETH,,,
,,,,Contract Interaction,,ETH,,,
,,,,Contract Interaction,,ETH,,,
,,,,Contract Interaction,,ETH,,,
,,,,Contract Interaction,,ETH,,,
,,,,Contract Interaction,,ETH,,,
,,,,Contract Interaction,,ETH,,,
,,,,Contract Interaction,,ETH,,,
,,,,Contract Interaction,,ETH,,,
,,,,Contract Interaction,,ETH,,,
,,,,Contract Interaction,,ETH,,,
,,,,Contract Interaction,,ETH,,,
,,,,Contract Interaction,,ETH,,,
,,,,Contract Interaction,,ETH,,,
,,,,Contract Interaction,,ETH,,,
,,,,Contract Interaction,,ETH,,,
,,,,Contract Interaction,,ETH,,,
,,,,Contract Interaction,,ETH,,,
,,,,Contract Interaction,,ETH,,,
,,,,Contract Interaction,,ETH,,,
,,,,ERC-20 Transfer,,,,,
,,,,ERC-20 Transfer,,,,,
,,,,ERC-20 Transfer,,,,,
,,,,ERC-20 Transfer,,,,,
,,,,ERC-20 Transfer,,,,,
,,,,ERC-20 Transfer,,,,,
,,,,ERC-20 Transfer,,,,,
,,,,ERC-20 Transfer,,,,,
,,,,ERC-20 Transfer,,,,,
,,,,ERC-20 Transfer,,,,,
,,,,ERC-20 Transfer,,,,,
,,,,ERC-20 Transfer,,,,,
,,,,ERC-20 Transfer,,,,,
,,,,ERC-20 Transfer,,,,,
,,,,ERC-20 Transfer,,,,,
,,,,ERC-20 Transfer,,,,,
,,,,ERC-20 Transfer,,,,,
,,,,ERC-20 Transfer,,,,,
,,,,ERC-20 Transfer,,,,,
,,,,ERC-20 Transfer,,,,,
,,,,ERC-20 Transfer,,,,,
,,,,ERC-20 Transfer,,,,,
,,,,ERC-20 Transfer,,,,,
,,,,ERC-721/1155 Transfer,,,,1,
,,,,ERC-721/1155 Transfer,,,,1,
,,,,ERC-721/1155 Transfer,,,,1,
,,,,ERC-721/1155 Transfer,,,,1,
,,,,ERC-721/1155 Transfer,,,,1,
,,,,ERC-721/1155 Transfer,,,,1,
,,,,ERC-721/1155 Transfer,,,,1,
,,,,ERC-721/1155 Transfer,,,,1,
,,,,ERC-721/1155 Transfer,,,,1,
,,,,ERC-721/1155 Transfer,,,,1,
,,,,ERC-721/1155 Transfer,,,,1,
,,,,ERC-721/1155 Transfer,,,,1,
,,,,ERC-721/1155 Transfer,,,,1,
,,,,ERC-721/1155 Transfer,,,,1,
,,,,ERC-721/1155 Transfer,,,,1,
,,,,ERC-721/1155 Transfer,,,,1,
,,,,ERC-721/1155 Transfer,,,,1,
,,,,ERC-721/1155 Transfer,,,,1,
,,,,ERC-721/1155 Transfer,,,,1,
,,,,ERC-721/1155 Transfer,,,,1,
,,,,ERC-721/1155 Transfer,,,,1,
,,,,ERC-721/1155 Transfer,,,,1,
,,,,ERC-721/1155 Transfer,,,,1,
